2001,Precentral_L
2002,Precentral_R
2101,Frontal_Sup_L
2102,Frontal_Sup_R
2111,Frontal_Sup_Orb_L
2112,Frontal_Sup_Orb_R
2201,Frontal_Mid_L
2202,Frontal_Mid_R
2211,Frontal_Mid_Orb_L
2212,Frontal_Mid_Orb_R
2301,Frontal_Inf_Oper_L
2302,Frontal_Inf_Oper_R
2311,Frontal_Inf_Tri_L
2312,Frontal_Inf_Tri_R
2321,Frontal_Inf_Orb_L
2322,Frontal_Inf_Orb_R
2331,Rolandic_Oper_L
2332,Rolandic_Oper_R
2401,Supp_Motor_Area_L
2402,Supp_Motor_Area_R
2501,Olfactory_L
2502,Olfactory_R
2601,Frontal_Sup_Medial_L
2602,Frontal_Sup_Medial_R
2611,Frontal_Med_Orb_L
2612,Frontal_Med_Orb_R
2701,Rectus_L
2702,Rectus_R
3001,Insula_L
3002,Insula_R
4001,Cingulum_Ant_L
4002,Cingulum_Ant_R
4011,Cingulum_Mid_L
4012,Cingulum_Mid_R
4021,Cingulum_Post_L
4022,Cingulum_Post_R
4101,Hippocampus_L
4102,Hippocampus_R
4111,ParaHippocampal_L
4112,ParaHippocampal_R
4201,Amygdala_L
4202,Amygdala_R
5001,Calcarine_L
5002,Calcarine_R
5011,Cuneus_L
5012,Cuneus_R
5021,Lingual_L
5022,Lingual_R
5101,Occipital_Sup_L
5102,Occipital_Sup_R
5201,Occipital_Mid_L
5202,Occipital_Mid_R
5301,Occipital_Inf_L
5302,Occipital_Inf_R
5401,Fusiform_L
5402,Fusiform_R
6001,Postcentral_L
6002,Postcentral_R
6101,Parietal_Sup_L
6102,Parietal_Sup_R
6201,Parietal_Inf_L
6202,Parietal_Inf_R
6211,SupraMarginal_L
6212,SupraMarginal_R
6221,Angular_L
6222,Angular_R
6301,Precuneus_L
6302,Precuneus_R
6401,Paracentral_Lobule_L
6402,Paracentral_Lobule_R
7001,Caudate_L
7002,Caudate_R
7011,Putamen_L
7012,Putamen_R
7021,Pallidum_L
7022,Pallidum_R
7101,Thalamus_L
7102,Thalamus_R
8101,Heschl_L
8102,Heschl_R
8111,Temporal_Sup_L
8112,Temporal_Sup_R
8121,Temporal_Pole_Sup_L
8122,Temporal_Pole_Sup_R
8201,Temporal_Mid_L
8202,Temporal_Mid_R
8211,Temporal_Pole_Mid_L
8212,Temporal_Pole_Mid_R
8301,Temporal_Inf_L
8302,Temporal_Inf_R
9001,Cerebelum_Crus1_L
9002,Cerebelum_Crus1_R
9011,Cerebelum_Crus2_L
9012,Cerebelum_Crus2_R
9021,Cerebelum_3_L
9022,Cerebelum_3_R
9031,Cerebelum_4_5_L
9032,Cerebelum_4_5_R
9041,Cerebelum_6_L
9042,Cerebelum_6_R
9051,Cerebelum_7b_L
9052,Cerebelum_7b_R
9061,Cerebelum_8_L
9062,Cerebelum_8_R
9071,Cerebelum_9_L
9072,Cerebelum_9_R
9081,Cerebelum_10_L
9082,Cerebelum_10_R
9100,Vermis_1_2
9110,Vermis_3
9120,Vermis_4_5
9130,Vermis_6
9140,Vermis_7
9150,Vermis_8
9160,Vermis_9
9170,Vermis_10
1,LH_Vis_1
2,LH_Vis_2
3,LH_Vis_3
4,LH_Vis_4
5,LH_Vis_5
6,LH_Vis_6
7,LH_Vis_7
8,LH_Vis_8
9,LH_Vis_9
10,LH_Vis_10
11,LH_Vis_11
12,LH_Vis_12
13,LH_Vis_13
14,LH_Vis_14
15,LH_Vis_15
16,LH_Vis_16
17,LH_Vis_17
18,LH_Vis_18
19,LH_Vis_19
20,LH_Vis_20
21,LH_Vis_21
22,LH_Vis_22
23,LH_Vis_23
24,LH_Vis_24
25,LH_Vis_25
26,LH_Vis_26
27,LH_Vis_27
28,LH_Vis_28
29,LH_Vis_29
30,LH_Vis_30
31,LH_Vis_31
32,LH_SomMot_1
33,LH_SomMot_2
34,LH_SomMot_3
35,LH_SomMot_4
36,LH_SomMot_5
37,LH_SomMot_6
38,LH_SomMot_7
39,LH_SomMot_8
40,LH_SomMot_9
41,LH_SomMot_10
42,LH_SomMot_11
43,LH_SomMot_12
44,LH_SomMot_13
45,LH_SomMot_14
46,LH_SomMot_15
47,LH_SomMot_16
48,LH_SomMot_17
49,LH_SomMot_18
50,LH_SomMot_19
51,LH_SomMot_20
52,LH_SomMot_21
53,LH_SomMot_22
54,LH_SomMot_23
55,LH_SomMot_24
56,LH_SomMot_25
57,LH_SomMot_26
58,LH_SomMot_27
59,LH_SomMot_28
60,LH_SomMot_29
61,LH_SomMot_30
62,LH_SomMot_31
63,LH_SomMot_32
64,LH_SomMot_33
65,LH_SomMot_34
66,LH_SomMot_35
67,LH_SomMot_36
68,LH_SomMot_37
69,LH_DorsAttn_Post_1
70,LH_DorsAttn_Post_2
71,LH_DorsAttn_Post_3
72,LH_DorsAttn_Post_4
73,LH_DorsAttn_Post_5
74,LH_DorsAttn_Post_6
75,LH_DorsAttn_Post_7
76,LH_DorsAttn_Post_8
77,LH_DorsAttn_Post_9
78,LH_DorsAttn_Post_10
79,LH_DorsAttn_Post_11
80,LH_DorsAttn_Post_12
81,LH_DorsAttn_Post_13
82,LH_DorsAttn_Post_14
83,LH_DorsAttn_Post_15
84,LH_DorsAttn_Post_16
85,LH_DorsAttn_Post_17
86,LH_DorsAttn_FEF_1
87,LH_DorsAttn_FEF_2
88,LH_DorsAttn_FEF_3
89,LH_DorsAttn_FEF_4
90,LH_DorsAttn_PrCv_1
91,LH_DorsAttn_PrCv_2
92,LH_SalVentAttn_ParOper_1
93,LH_SalVentAttn_ParOper_2
94,LH_SalVentAttn_ParOper_3
95,LH_SalVentAttn_ParOper_4
96,LH_SalVentAttn_TempOcc_1
97,LH_SalVentAttn_FrOper_1
98,LH_SalVentAttn_FrOper_2
99,LH_SalVentAttn_FrOper_3
100,LH_SalVentAttn_FrOper_4
101,LH_SalVentAttn_FrOper_5
102,LH_SalVentAttn_FrOper_6
103,LH_SalVentAttn_FrOper_7
104,LH_SalVentAttn_FrOper_8
105,LH_SalVentAttn_FrOper_9
106,LH_SalVentAttn_PFCl_1
107,LH_SalVentAttn_Med_1
108,LH_SalVentAttn_Med_2
109,LH_SalVentAttn_Med_3
110,LH_SalVentAttn_Med_4
111,LH_SalVentAttn_Med_5
112,LH_SalVentAttn_Med_6
113,LH_SalVentAttn_Med_7
114,LH_Limbic_OFC_1
115,LH_Limbic_OFC_2
116,LH_Limbic_OFC_3
117,LH_Limbic_OFC_4
118,LH_Limbic_OFC_5
119,LH_Limbic_TempPole_1
120,LH_Limbic_TempPole_2
121,LH_Limbic_TempPole_3
122,LH_Limbic_TempPole_4
123,LH_Limbic_TempPole_5
124,LH_Limbic_TempPole_6
125,LH_Limbic_TempPole_7
126,LH_Limbic_TempPole_8
127,LH_Cont_Par_1
128,LH_Cont_Par_2
129,LH_Cont_Par_3
130,LH_Cont_Par_4
131,LH_Cont_Par_5
132,LH_Cont_Par_6
133,LH_Cont_Temp_1
134,LH_Cont_PFCl_1
135,LH_Cont_PFCl_2
136,LH_Cont_PFCl_3
137,LH_Cont_PFCl_4
138,LH_Cont_PFCl_5
139,LH_Cont_PFCl_6
140,LH_Cont_PFCl_7
141,LH_Cont_PFCl_8
142,LH_Cont_PFCl_9
143,LH_Cont_PFCv_1
144,LH_Cont_pCun_1
145,LH_Cont_pCun_2
146,LH_Cont_Cing_1
147,LH_Cont_Cing_2
148,LH_Cont_PFCmp_1
149,LH_Default_Temp_1
150,LH_Default_Temp_2
151,LH_Default_Temp_3
152,LH_Default_Temp_4
153,LH_Default_Temp_5
154,LH_Default_Temp_6
155,LH_Default_Temp_7
156,LH_Default_Temp_8
157,LH_Default_Temp_9
158,LH_Default_Temp_10
159,LH_Default_Temp_11
160,LH_Default_Temp_12
161,LH_Default_Temp_13
162,LH_Default_Temp_14
163,LH_Default_Temp_15
164,LH_Default_Temp_16
165,LH_Default_Temp_17
166,LH_Default_PFC_1
167,LH_Default_PFC_2
168,LH_Default_PFC_3
169,LH_Default_PFC_4
170,LH_Default_PFC_5
171,LH_Default_PFC_6
172,LH_Default_PFC_7
173,LH_Default_PFC_8
174,LH_Default_PFC_9
175,LH_Default_PFC_10
176,LH_Default_PFC_11
177,LH_Default_PFC_12
178,LH_Default_PFC_13
179,LH_Default_PFC_14
180,LH_Default_PFC_15
181,LH_Default_PFC_16
182,LH_Default_PFC_17
183,LH_Default_PFC_18
184,LH_Default_PFC_19
185,LH_Default_PFC_20
186,LH_Default_PFC_21
187,LH_Default_PFC_22
188,LH_Default_PFC_23
189,LH_Default_PFC_24
190,LH_Default_PCC_1
191,LH_Default_PCC_2
192,LH_Default_PCC_3
193,LH_Default_PCC_4
194,LH_Default_PCC_5
195,LH_Default_PCC_6
196,LH_Default_PCC_7
197,LH_Default_PCC_8
198,LH_Default_PCC_9
199,LH_Default_PCC_10
200,LH_Default_PCC_11
201,RH_Vis_1
202,RH_Vis_2
203,RH_Vis_3
204,RH_Vis_4
205,RH_Vis_5
206,RH_Vis_6
207,RH_Vis_7
208,RH_Vis_8
209,RH_Vis_9
210,RH_Vis_10
211,RH_Vis_11
212,RH_Vis_12
213,RH_Vis_13
214,RH_Vis_14
215,RH_Vis_15
216,RH_Vis_16
217,RH_Vis_17
218,RH_Vis_18
219,RH_Vis_19
220,RH_Vis_20
221,RH_Vis_21
222,RH_Vis_22
223,RH_Vis_23
224,RH_Vis_24
225,RH_Vis_25
226,RH_Vis_26
227,RH_Vis_27
228,RH_Vis_28
229,RH_Vis_29
230,RH_Vis_30
231,RH_SomMot_1
232,RH_SomMot_2
233,RH_SomMot_3
234,RH_SomMot_4
235,RH_SomMot_5
236,RH_SomMot_6
237,RH_SomMot_7
238,RH_SomMot_8
239,RH_SomMot_9
240,RH_SomMot_10
241,RH_SomMot_11
242,RH_SomMot_12
243,RH_SomMot_13
244,RH_SomMot_14
245,RH_SomMot_15
246,RH_SomMot_16
247,RH_SomMot_17
248,RH_SomMot_18
249,RH_SomMot_19
250,RH_SomMot_20
251,RH_SomMot_21
252,RH_SomMot_22
253,RH_SomMot_23
254,RH_SomMot_24
255,RH_SomMot_25
256,RH_SomMot_26
257,RH_SomMot_27
258,RH_SomMot_28
259,RH_SomMot_29
260,RH_SomMot_30
261,RH_SomMot_31
262,RH_SomMot_32
263,RH_SomMot_33
264,RH_SomMot_34
265,RH_SomMot_35
266,RH_SomMot_36
267,RH_SomMot_37
268,RH_SomMot_38
269,RH_SomMot_39
270,RH_SomMot_40
271,RH_DorsAttn_Post_1
272,RH_DorsAttn_Post_2
273,RH_DorsAttn_Post_3
274,RH_DorsAttn_Post_4
275,RH_DorsAttn_Post_5
276,RH_DorsAttn_Post_6
277,RH_DorsAttn_Post_7
278,RH_DorsAttn_Post_8
279,RH_DorsAttn_Post_9
280,RH_DorsAttn_Post_10
281,RH_DorsAttn_Post_11
282,RH_DorsAttn_Post_12
283,RH_DorsAttn_Post_13
284,RH_DorsAttn_Post_14
285,RH_DorsAttn_Post_15
286,RH_DorsAttn_Post_16
287,RH_DorsAttn_Post_17
288,RH_DorsAttn_Post_18
289,RH_DorsAttn_Post_19
290,RH_DorsAttn_FEF_1
291,RH_DorsAttn_FEF_2
292,RH_DorsAttn_FEF_3
293,RH_DorsAttn_PrCv_1
294,RH_SalVentAttn_TempOccPar_1
295,RH_SalVentAttn_TempOccPar_2
296,RH_SalVentAttn_TempOccPar_3
297,RH_SalVentAttn_TempOccPar_4
298,RH_SalVentAttn_TempOccPar_5
299,RH_SalVentAttn_TempOccPar_6
300,RH_SalVentAttn_TempOccPar_7
301,RH_SalVentAttn_PrC_1
302,RH_SalVentAttn_FrOper_1
303,RH_SalVentAttn_FrOper_2
304,RH_SalVentAttn_FrOper_3
305,RH_SalVentAttn_FrOper_4
306,RH_SalVentAttn_FrOper_5
307,RH_SalVentAttn_FrOper_6
308,RH_SalVentAttn_FrOper_7
309,RH_SalVentAttn_FrOper_8
310,RH_SalVentAttn_PFCl_1
311,RH_SalVentAttn_Med_1
312,RH_SalVentAttn_Med_2
313,RH_SalVentAttn_Med_3
314,RH_SalVentAttn_Med_4
315,RH_SalVentAttn_Med_5
316,RH_SalVentAttn_Med_6
317,RH_SalVentAttn_Med_7
318,RH_SalVentAttn_Med_8
319,RH_Limbic_OFC_1
320,RH_Limbic_OFC_2
321,RH_Limbic_OFC_3
322,RH_Limbic_OFC_4
323,RH_Limbic_OFC_5
324,RH_Limbic_OFC_6
325,RH_Limbic_TempPole_1
326,RH_Limbic_TempPole_2
327,RH_Limbic_TempPole_3
328,RH_Limbic_TempPole_4
329,RH_Limbic_TempPole_5
330,RH_Limbic_TempPole_6
331,RH_Limbic_TempPole_7
332,RH_Cont_Par_1
333,RH_Cont_Par_2
334,RH_Cont_Par_3
335,RH_Cont_Par_4
336,RH_Cont_Par_5
337,RH_Cont_Par_6
338,RH_Cont_Temp_1
339,RH_Cont_Temp_2
340,RH_Cont_PFCv_1
341,RH_Cont_PFCl_1
342,RH_Cont_PFCl_2
343,RH_Cont_PFCl_3
344,RH_Cont_PFCl_4
345,RH_Cont_PFCl_5
346,RH_Cont_PFCl_6
347,RH_Cont_PFCl_7
348,RH_Cont_PFCl_8
349,RH_Cont_PFCl_9
350,RH_Cont_PFCl_10
351,RH_Cont_PFCl_11
352,RH_Cont_PFCl_12
353,RH_Cont_PFCl_13
354,RH_Cont_PFCl_14
355,RH_Cont_PFCl_15
356,RH_Cont_pCun_1
357,RH_Cont_pCun_2
358,RH_Cont_Cing_1
359,RH_Cont_Cing_2
360,RH_Cont_PFCmp_1
361,RH_Cont_PFCmp_2
362,RH_Default_Par_1
363,RH_Default_Par_2
364,RH_Default_Par_3
365,RH_Default_Par_4
366,RH_Default_Par_5
367,RH_Default_Temp_1
368,RH_Default_Temp_2
369,RH_Default_Temp_3
370,RH_Default_Temp_4
371,RH_Default_Temp_5
372,RH_Default_Temp_6
373,RH_Default_Temp_7
374,RH_Default_Temp_8
375,RH_Default_PFCv_1
376,RH_Default_PFCv_2
377,RH_Default_PFCv_3
378,RH_Default_PFCv_4
379,RH_Default_PFCm_1
380,RH_Default_PFCm_2
381,RH_Default_PFCm_3
382,RH_Default_PFCm_4
383,RH_Default_PFCm_5
384,RH_Default_PFCm_6
385,RH_Default_PFCm_7
386,RH_Default_PFCm_8
387,RH_Default_PFCm_9
388,RH_Default_PFCm_10
389,RH_Default_PFCm_11
390,RH_Default_PFCm_12
391,RH_Default_PFCm_13
392,RH_Default_PCC_1
393,RH_Default_PCC_2
394,RH_Default_PCC_3
395,RH_Default_PCC_4
396,RH_Default_PCC_5
397,RH_Default_PCC_6
398,RH_Default_PCC_7
399,RH_Default_PCC_8
400,RH_Default_PCC_9